[
  {
    "name": "Yvonne Parsons",
    "gender": "female",
    "company": "Zolar",
    "id": 1
  },
  {
    "name": "Woods Key",
    "gender": "male",
    "company": "Bedder",
    "id": 2
  },
  {
    "name": "Wong Craft",
    "gender": "male",
    "company": "Opticall",
    "id": 3
  },
  {
    "name": "Wiley Hubbard",
    "gender": "male",
    "company": "Zensus",
    "id": 4
  },
  {
    "name": "Wilder Gonzales",
    "gender": "male",
    "company": "Geekko",
    "id": 5
  },
  {
    "name": "Vincent Hernandez",
    "gender": "male",
    "company": "Talendula",
    "id": 6
  },
  {
    "name": "Velma Fry",
    "gender": "female",
    "company": "Ronelon",
    "id": 7
  },
  {
    "name": "Valenzuela Huff",
    "gender": "male",
    "company": "Applideck",
    "id": 8
  },
  {
    "name": "Valarie Atkinson",
    "gender": "female",
    "company": "Hopeli",
    "id": 9
  },
  {
    "name": "Tucker Maxwell",
    "gender": "male",
    "company": "Lumbrex",
    "id": 10
  },
  {
    "name": "Trevino Moreno",
    "gender": "male",
    "company": "Conjurica",
    "id": 11
  },
  {
    "name": "Torres Durham",
    "gender": "male",
    "company": "Uplinx",
    "id": 12
  },
  {
    "name": "Tonya Bray",
    "gender": "female",
    "company": "Insuron",
    "id": 13
  },
  {
    "name": "Tiffany Anderson",
    "gender": "female",
    "company": "Zanymax",
    "id": 14
  },
  {
    "name": "Sylvia Sosa",
    "gender": "female",
    "company": "Circum",
    "id": 15
  },
  {
    "name": "Stephens Reilly",
    "gender": "male",
    "company": "Acusage",
    "id": 16
  },
  {
    "name": "Spencer Sloan",
    "gender": "male",
    "company": "Comverges",
    "id": 17
  },
  {
    "name": "Shelley Rodriquez",
    "gender": "female",
    "company": "Bostonic",
    "id": 18
  },
  {
    "name": "Schroeder Mathews",
    "gender": "male",
    "company": "Polarium",
    "id": 19
  },
  {
    "name": "Sarah Massey",
    "gender": "female",
    "company": "Bisba",
    "id": 20
  },
  {
    "name": "Sara Delgado",
    "gender": "female",
    "company": "Netagy",
    "id": 21
  },
  {
    "name": "Roseann Jarvis",
    "gender": "female",
    "company": "Aquazure",
    "id": 22
  },
  {
    "name": "Rosa Dyer",
    "gender": "female",
    "company": "Netility",
    "id": 23
  },
  {
    "name": "Rocha Meadows",
    "gender": "male",
    "company": "Goko",
    "id": 24
  },
  {
    "name": "Robyn Strickland",
    "gender": "female",
    "company": "Obones",
    "id": 25
  },
  {
    "name": "Robles Boyle",
    "gender": "male",
    "company": "Comtract",
    "id": 26
  },
  {
    "name": "Reyna Espinoza",
    "gender": "female",
    "company": "Prismatic",
    "id": 27
  },
  {
    "name": "Renee Barr",
    "gender": "female",
    "company": "Kiggle",
    "id": 28
  },
  {
    "name": "Pena Pena",
    "gender": "male",
    "company": "Quarx",
    "id": 29
  },
  {
    "name": "Patton Small",
    "gender": "male",
    "company": "Genmex",
    "id": 30
  },
  {
    "name": "Nola Miles",
    "gender": "female",
    "company": "Sonique",
    "id": 31
  },
  {
    "name": "Nellie Whitfield",
    "gender": "female",
    "company": "Exospace",
    "id": 32
  },
  {
    "name": "Neal Harvey",
    "gender": "male",
    "company": "Pyramax",
    "id": 33
  },
  {
    "name": "Milagros Finch",
    "gender": "female",
    "company": "Handshake",
    "id": 34
  },
  {
    "name": "Merritt Cole",
    "gender": "male",
    "company": "Techtrix",
    "id": 35
  },
  {
    "name": "Mckay Santos",
    "gender": "male",
    "company": "Amtas",
    "id": 36
  },
  {
    "name": "Mcfarland Sparks",
    "gender": "male",
    "company": "Comvey",
    "id": 37
  },
  {
    "name": "Marcy Green",
    "gender": "female",
    "company": "Pharmex",
    "id": 38
  },
  {
    "name": "Lyons Peters",
    "gender": "male",
    "company": "Quinex",
    "id": 39
  },
  {
    "name": "Lynette Stein",
    "gender": "female",
    "company": "Macronaut",
    "id": 40
  },
  {
    "name": "Lynda Mendoza",
    "gender": "female",
    "company": "Dogspa",
    "id": 41
  },
  {
    "name": "Luisa Farrell",
    "gender": "female",
    "company": "Cinesanct",
    "id": 42
  },
  {
    "name": "Lindsay Avery",
    "gender": "female",
    "company": "Unq",
    "id": 43
  },
  {
    "name": "Letitia Vasquez",
    "gender": "female",
    "company": "Slumberia",
    "id": 44
  },
  {
    "name": "Lelia Gates",
    "gender": "female",
    "company": "Proxsoft",
    "id": 45
  },
  {
    "name": "Lancaster Patel",
    "gender": "male",
    "company": "Krog",
    "id": 46
  },
  {
    "name": "Lakisha Huber",
    "gender": "female",
    "company": "Insource",
    "id": 47
  },
  {
    "name": "Kristi Brewer",
    "gender": "female",
    "company": "Oronoko",
    "id": 48
  },
  {
    "name": "Kirkland Merrill",
    "gender": "male",
    "company": "Utara",
    "id": 49
  },
  {
    "name": "Kirk Cross",
    "gender": "male",
    "company": "Portico",
    "id": 50
  },
  {
    "name": "Kelli Leon",
    "gender": "female",
    "company": "Verbus",
    "id": 51
  },
  {
    "name": "Johnston Park",
    "gender": "male",
    "company": "Netur",
    "id": 52
  },
  {
    "name": "Jocelyn Sawyer",
    "gender": "female",
    "company": "Fortean",
    "id": 53
  },
  {
    "name": "Jerri King",
    "gender": "female",
    "company": "Eventex",
    "id": 54
  },
  {
    "name": "Jeanne Lindsay",
    "gender": "female",
    "company": "Genesynk",
    "id": 55
  },
  {
    "name": "Jackson Macias",
    "gender": "male",
    "company": "Aquamate",
    "id": 56
  },
  {
    "name": "Humphrey Curtis",
    "gender": "male",
    "company": "Corepan",
    "id": 57
  },
  {
    "name": "Hilda Crane",
    "gender": "female",
    "company": "Jumpstack",
    "id": 58
  },
  {
    "name": "Herring Pierce",
    "gender": "male",
    "company": "Geeketron",
    "id": 59
  },
  {
    "name": "Hattie Mullen",
    "gender": "female",
    "company": "Zilencio",
    "id": 60
  },
  {
    "name": "Hale Boone",
    "gender": "male",
    "company": "Digial",
    "id": 61
  },
  {
    "name": "Graham Marsh",
    "gender": "male",
    "company": "Medifax",
    "id": 62
  },
  {
    "name": "Gould Randolph",
    "gender": "male",
    "company": "Intergeek",
    "id": 63
  },
  {
    "name": "Georgina Schultz",
    "gender": "female",
    "company": "Suretech",
    "id": 64
  },
  {
    "name": "Georgia Mercer",
    "gender": "female",
    "company": "Skyplex",
    "id": 65
  },
  {
    "name": "Garrett Brennan",
    "gender": "male",
    "company": "Bluegrain",
    "id": 66
  },
  {
    "name": "Gaines Beck",
    "gender": "male",
    "company": "Sequitur",
    "id": 67
  },
  {
    "name": "Frye Sharpe",
    "gender": "male",
    "company": "Eplode",
    "id": 68
  },
  {
    "name": "Freda Mason",
    "gender": "female",
    "company": "Accidency",
    "id": 69
  },
  {
    "name": "Franco Hunter",
    "gender": "male",
    "company": "Rockabye",
    "id": 70
  },
  {
    "name": "Francesca Elliott",
    "gender": "female",
    "company": "Nspire",
    "id": 71
  },
  {
    "name": "Felecia Smith",
    "gender": "female",
    "company": "Futurity",
    "id": 72
  },
  {
    "name": "Everett Foreman",
    "gender": "male",
    "company": "Maineland",
    "id": 73
  },
  {
    "name": "Evans Hickman",
    "gender": "male",
    "company": "Parleynet",
    "id": 74
  },
  {
    "name": "Ethel Price",
    "gender": "female",
    "company": "Enersol",
    "id": 75
  },
  {
    "name": "Ericka Alvarado",
    "gender": "female",
    "company": "Lyrichord",
    "id": 76
  },
  {
    "name": "Deann Bridges",
    "gender": "female",
    "company": "Equitox",
    "id": 77
  },
  {
    "name": "Dawson Barber",
    "gender": "male",
    "company": "Dymi",
    "id": 78
  },
  {
    "name": "Dale Byrd",
    "gender": "female",
    "company": "Kneedles",
    "id": 79
  },
  {
    "name": "Cora Chase",
    "gender": "female",
    "company": "Isonus",
    "id": 80
  },
  {
    "name": "Consuelo Dickson",
    "gender": "female",
    "company": "Poshome",
    "id": 81
  },
  {
    "name": "Claudine Neal",
    "gender": "female",
    "company": "Sealoud",
    "id": 82
  },
  {
    "name": "Christine Compton",
    "gender": "female",
    "company": "Bleeko",
    "id": 83
  },
  {
    "name": "Chaney Roach",
    "gender": "male",
    "company": "Qualitern",
    "id": 84
  },
  {
    "name": "Carroll Buchanan",
    "gender": "male",
    "company": "Ecosys",
    "id": 85
  },
  {
    "name": "Bruce Strong",
    "gender": "male",
    "company": "Xyqag",
    "id": 86
  },
  {
    "name": "Blanche Conley",
    "gender": "female",
    "company": "Imkan",
    "id": 87
  },
  {
    "name": "Blackburn Drake",
    "gender": "male",
    "company": "Frenex",
    "id": 88
  },
  {
    "name": "Billie Rowe",
    "gender": "female",
    "company": "Cemention",
    "id": 89
  },
  {
    "name": "Betsy Horton",
    "gender": "female",
    "company": "Zilla",
    "id": 90
  },
  {
    "name": "Beryl Rice",
    "gender": "female",
    "company": "Velity",
    "id": 91
  },
  {
    "name": "Bean Donovan",
    "gender": "male",
    "company": "Mantro",
    "id": 92
  },
  {
    "name": "Barr Page",
    "gender": "male",
    "company": "Apex",
    "id": 93
  },
  {
    "name": "Barnett Case",
    "gender": "male",
    "company": "Norali",
    "id": 94
  },
  {
    "name": "Baird Ryan",
    "gender": "male",
    "company": "Aquasseur",
    "id": 95
  },
  {
    "name": "Ayers Hood",
    "gender": "male",
    "company": "Accuprint",
    "id": 96
  },
  {
    "name": "Atkins Dunlap",
    "gender": "male",
    "company": "Comveyor",
    "id": 97
  },
  {
    "name": "Anthony Joyner",
    "gender": "male",
    "company": "Senmei",
    "id": 98
  },
  {
    "name": "Alisha Myers",
    "gender": "female",
    "company": "Intradisk",
    "id": 99
  },
  {
    "name": "Alexander Foley",
    "gender": "male",
    "company": "Geekosis",
    "id": 100
  }
]
