[
  { "value": 0, "label": 0, "prefix": "Task", "suffix": "day" }, { "value": 1, "label": 1, "prefix": "Task", "suffix": "day" }, { "value": 2, "label": 2, "prefix": "Task", "suffix": "days" }, { "value": 3, "label": 3, "prefix": "Task", "suffix": "days" }, { "value": 4, "label": 4, "prefix": "Task", "suffix": "days" }, { "value": 5, "label": 5, "prefix": "Task", "suffix": "days" }, { "value": 6, "label": 6, "prefix": "Task", "suffix": "days" }, { "value": 7, "label": 7, "prefix": "Task", "suffix": "days" }, { "value": 8, "label": 8, "prefix": "Task", "suffix": "days" }, { "value": 9, "label": 9, "prefix": "Task", "suffix": "days" },
  { "value": 10, "label": 10, "prefix": "Task", "suffix": "days" }, { "value": 11, "label": 11, "prefix": "Task", "suffix": "days" }, { "value": 12, "label": 12, "prefix": "Task", "suffix": "days" }, { "value": 13, "label": 13, "prefix": "Task", "suffix": "days" }, { "value": 14, "label": 14, "prefix": "Task", "suffix": "days" }, { "value": 15, "label": 15, "prefix": "Task", "suffix": "days" }, { "value": 16, "label": 16, "prefix": "Task", "suffix": "days" }, { "value": 17, "label": 17, "prefix": "Task", "suffix": "days" }, { "value": 18, "label": 18, "prefix": "Task", "suffix": "days" }, { "value": 19, "label": 19, "prefix": "Task", "suffix": "days" },
  { "value": 20, "label": 20, "prefix": "Task", "suffix": "days" }, { "value": 21, "label": 21, "prefix": "Task", "suffix": "days" }, { "value": 22, "label": 22, "prefix": "Task", "suffix": "days" }, { "value": 23, "label": 23, "prefix": "Task", "suffix": "days" }, { "value": 24, "label": 24, "prefix": "Task", "suffix": "days" }, { "value": 25, "label": 25, "prefix": "Task", "suffix": "days" }, { "value": 26, "label": 26, "prefix": "Task", "suffix": "days" }, { "value": 27, "label": 27, "prefix": "Task", "suffix": "days" }, { "value": 28, "label": 28, "prefix": "Task", "suffix": "days" }, { "value": 29, "label": 29, "prefix": "Task", "suffix": "days" },
  { "value": 30, "label": 30, "prefix": "Task", "suffix": "days" }, { "value": 31, "label": 31, "prefix": "Task", "suffix": "days" }, { "value": 32, "label": 32, "prefix": "Task", "suffix": "days" }, { "value": 33, "label": 33, "prefix": "Task", "suffix": "days" }, { "value": 34, "label": 34, "prefix": "Task", "suffix": "days" }, { "value": 35, "label": 35, "prefix": "Task", "suffix": "days" }, { "value": 36, "label": 36, "prefix": "Task", "suffix": "days" }, { "value": 37, "label": 37, "prefix": "Task", "suffix": "days" }, { "value": 38, "label": 38, "prefix": "Task", "suffix": "days" }, { "value": 39, "label": 39, "prefix": "Task", "suffix": "days" },
  { "value": 40, "label": 40, "prefix": "Task", "suffix": "days" }, { "value": 41, "label": 41, "prefix": "Task", "suffix": "days" }, { "value": 42, "label": 42, "prefix": "Task", "suffix": "days" }, { "value": 43, "label": 43, "prefix": "Task", "suffix": "days" }, { "value": 44, "label": 44, "prefix": "Task", "suffix": "days" }, { "value": 45, "label": 45, "prefix": "Task", "suffix": "days" }, { "value": 46, "label": 46, "prefix": "Task", "suffix": "days" }, { "value": 47, "label": 47, "prefix": "Task", "suffix": "days" }, { "value": 48, "label": 48, "prefix": "Task", "suffix": "days" }, { "value": 49, "label": 49, "prefix": "Task", "suffix": "days" },
  { "value": 50, "label": 50, "prefix": "Task", "suffix": "days" }, { "value": 51, "label": 51, "prefix": "Task", "suffix": "days" }, { "value": 52, "label": 52, "prefix": "Task", "suffix": "days" }, { "value": 53, "label": 53, "prefix": "Task", "suffix": "days" }, { "value": 54, "label": 54, "prefix": "Task", "suffix": "days" }, { "value": 55, "label": 55, "prefix": "Task", "suffix": "days" }, { "value": 56, "label": 56, "prefix": "Task", "suffix": "days" }, { "value": 57, "label": 57, "prefix": "Task", "suffix": "days" }, { "value": 58, "label": 58, "prefix": "Task", "suffix": "days" }, { "value": 59, "label": 59, "prefix": "Task", "suffix": "days" },
  { "value": 60, "label": 60, "prefix": "Task", "suffix": "days" }, { "value": 61, "label": 61, "prefix": "Task", "suffix": "days" }, { "value": 62, "label": 62, "prefix": "Task", "suffix": "days" }, { "value": 63, "label": 63, "prefix": "Task", "suffix": "days" }, { "value": 64, "label": 64, "prefix": "Task", "suffix": "days" }, { "value": 65, "label": 65, "prefix": "Task", "suffix": "days" }, { "value": 66, "label": 66, "prefix": "Task", "suffix": "days" }, { "value": 67, "label": 67, "prefix": "Task", "suffix": "days" }, { "value": 68, "label": 68, "prefix": "Task", "suffix": "days" }, { "value": 69, "label": 69, "prefix": "Task", "suffix": "days" },
  { "value": 70, "label": 70, "prefix": "Task", "suffix": "days" }, { "value": 71, "label": 71, "prefix": "Task", "suffix": "days" }, { "value": 72, "label": 72, "prefix": "Task", "suffix": "days" }, { "value": 73, "label": 73, "prefix": "Task", "suffix": "days" }, { "value": 74, "label": 74, "prefix": "Task", "suffix": "days" }, { "value": 75, "label": 75, "prefix": "Task", "suffix": "days" }, { "value": 76, "label": 76, "prefix": "Task", "suffix": "days" }, { "value": 77, "label": 77, "prefix": "Task", "suffix": "days" }, { "value": 78, "label": 78, "prefix": "Task", "suffix": "days" }, { "value": 79, "label": 79, "prefix": "Task", "suffix": "days" },
  { "value": 80, "label": 80, "prefix": "Task", "suffix": "days" }, { "value": 81, "label": 81, "prefix": "Task", "suffix": "days" }, { "value": 82, "label": 82, "prefix": "Task", "suffix": "days" }, { "value": 83, "label": 83, "prefix": "Task", "suffix": "days" }, { "value": 84, "label": 84, "prefix": "Task", "suffix": "days" }, { "value": 85, "label": 85, "prefix": "Task", "suffix": "days" }, { "value": 86, "label": 86, "prefix": "Task", "suffix": "days" }, { "value": 87, "label": 87, "prefix": "Task", "suffix": "days" }, { "value": 88, "label": 88, "prefix": "Task", "suffix": "days" }, { "value": 89, "label": 89, "prefix": "Task", "suffix": "days" },
  { "value": 90, "label": 90, "prefix": "Task", "suffix": "days" }, { "value": 91, "label": 91, "prefix": "Task", "suffix": "days" }, { "value": 92, "label": 92, "prefix": "Task", "suffix": "days" }, { "value": 93, "label": 93, "prefix": "Task", "suffix": "days" }, { "value": 94, "label": 94, "prefix": "Task", "suffix": "days" }, { "value": 95, "label": 95, "prefix": "Task", "suffix": "days" }, { "value": 96, "label": 96, "prefix": "Task", "suffix": "days" }, { "value": 97, "label": 97, "prefix": "Task", "suffix": "days" }, { "value": 98, "label": 98, "prefix": "Task", "suffix": "days" }, { "value": 99, "label": 99, "prefix": "Task", "suffix": "days" }
]
